label,f1,precision,recall
0,0.948385195533775,0.9020523840667726,0.9997353736409136
1,0.5038296086454727,0.9952331606217617,0.33729015944370305
macro,0.7261074020896239,0.9486427723442672,0.6685127665423083
weighted,0.8858146295486362,0.9151674457147221,0.906497152799747
